,,,,,
,Welcome to the Resources Tab!,,,,
,,,,,
,"*Here you'll find a hand-picked list of tools, equipment, and other resources designed to ",,,,
,help elevate your coaching business or personal fitness journey.*,,,,
,,,,,
,"*I have included some affiliate recommendations, which means that I may earn a small",,,,
,commission if you make a purchase (no extra cost to you). This helps to keep the database,,,,
,free and shareable for trainers worldwide.*,,,,
,,,,,
,*I'm grateful for your support of the project! (cookies should be enabled).* ,,,,
,,,,,
,Company Name,Category,Type,Affiliate,Highlights
,ABC Trainerize,Software,Trainer App,Yes,free 30-day trial.
,Bells of Steel,Fitness Equipment,General,Yes,
,Human Kinetics,Education,Fitness Publications,Yes,
,ISSA,Education,Training Certification,Yes,
,Kettlebell Kings,Fitness Equipment,Kettlebell,Yes,
,Life Fitness,Fitness Equipment,Commercial,Yes,
,Onnit,Fitness Equipment,Unconvential,Yes,
,Rep Fitness,Fitness Equipment,General,Yes,
,Rogue Fitness,Fitness Equipment,General,Yes,
,Synergee,Fitness Equipment,General,Yes,
,Tacfit,Fitness Equipment,Unconvential,Yes,
,Under Armour,Apparel,Workout Clothing,Yes,
